First Name,Last Name,Full Name,Username,Email,Gender,User Image,Post Image,Title
Violet,Harvey,Violet Harvey,purpleelephant591,violet.harvey@example.com,female,https://images.unsplash.com/photo-1442507210693-938e0e77fef2?ixlib=rb-0.3.5&q=80&fm=jpg&crop=entropy&w=400&h=400&fit=crop&s=276719a359ff8bda06bd35fa1ef818dc,https://images.unsplash.com/photo-1447077183867-5f71d71aee9f?ixlib=rb-0.3.5&q=80&fm=jpg&crop=entropy&w=750&h=750&fit=crop&s=597c609e642fcbd28fdf44e8b7204c4b,#bestoftheday #webstagram #whatever #smile #igers #instago #instagood #style ğŸ¤‘ #amazing #TFLers #colorful #picoftheday ğŸ‘Œ #tweegram â¤ï¸â¤ï¸ ğŸ™ #instadaily ğŸ˜ğŸ˜ âœŒï¸ #look
Benjamin,Smith,Benjamin Smith,bigpeacock700,benjamin.smith@example.com,male,https://images.unsplash.com/photo-1423257661889-dfb0e0325e86?ixlib=rb-0.3.5&q=80&fm=jpg&crop=entropy&w=400&h=400&fit=crop&s=4296b99bf25a0d5d07d8410ad5a88894,https://images.unsplash.com/photo-1428353247902-27314a5b4a72?ixlib=rb-0.3.5&q=80&fm=jpg&crop=entropy&w=750&h=750&fit=crop&s=3b2be203bae78d4f080854f8b62756cb,ğŸ¤“ #follow #instadaily #TFLers ğŸ˜ğŸ˜ #webstagram
Jim,Kennedy,Jim Kennedy,bigladybug245,jim.kennedy@example.com,male,https://images.unsplash.com/39/0Lnrvj8NQHepTFYthRyL_IMG_9925.JPG?ixlib=rb-0.3.5&q=80&fm=jpg&crop=entropy&w=400&h=400&fit=crop&s=9cac945ba64a3a8cbada50f30daa2f78,https://images.unsplash.com/photo-1455496231601-e6195da1f841?ixlib=rb-0.3.5&q=80&fm=jpg&crop=entropy&w=750&h=750&fit=crop&s=aec883102ff99faec997c33234eb16f9,ğŸ‘Œ
Sheila,Bradley,Sheila Bradley,ticklishfrog793,sheila.bradley@example.com,female,https://images.unsplash.com/photo-1452434351106-e02e34831841?ixlib=rb-0.3.5&q=80&fm=jpg&crop=entropy&w=400&h=400&fit=crop&s=3f0142caea42792b1951facc2018751d,https://images.unsplash.com/photo-1442606688842-a421432a776f?ixlib=rb-0.3.5&q=80&fm=jpg&crop=entropy&w=750&h=750&fit=crop&s=391e6518a37e9647c3de98cfbe2577fd,#webstagram #amazing #love #food #followme #bestoftheday ğŸ¤‘ #swag #iphoneonly #photooftheday #igers
Wade,Gonzalez,Wade Gonzalez,crazysnake844,wade.gonzalez@example.com,male,https://images.unsplash.com/photo-1447061337293-31b7f6904a20?ixlib=rb-0.3.5&q=80&fm=jpg&crop=entropy&w=400&h=400&fit=crop&s=f39c2e3ba26a97fd84a0de89788b18f3,https://images.unsplash.com/photo-1444990689320-bd2a7a839644?ixlib=rb-0.3.5&q=80&fm=jpg&crop=entropy&w=750&h=750&fit=crop&s=9d78f21f1f7478e57c4035fc9f42f53f,#webstagram #photooftheday #instadaily #followme #20likes #style
Melinda,Mckinney,Melinda Mckinney,bigrabbit497,melinda.mckinney@example.com,female,https://images.unsplash.com/photo-1437912670385-d3fef2b7247a?ixlib=rb-0.3.5&q=80&fm=jpg&crop=entropy&w=400&h=400&fit=crop&s=976be97ff5a84a443fd3b0999fe234d4,https://images.unsplash.com/photo-1453643591475-7b1da0e1c274?ixlib=rb-0.3.5&q=80&fm=jpg&crop=entropy&w=750&h=750&fit=crop&s=3fc7b694ba76f34b53089daba53476c4,#smile ğŸ˜¬ #iphoneonly #instagood #love #instago #picoftheday #webstagram #20likes #TFLers #colorful ğŸ˜ #followme ğŸ¤‘ #food #bestoftheday
Gregory,Owens,Gregory Owens,brownmouse951,gregory.owens@example.com,male,https://images.unsplash.com/photo-1444665283089-f1f68ad1d1dc?ixlib=rb-0.3.5&q=80&fm=jpg&crop=entropy&w=400&h=400&fit=crop&s=2fd83a6914e507ca76aee4c021e849db,https://images.unsplash.com/39/IKMsqwyaR6qN0kq48STw_annapurna.jpg?ixlib=rb-0.3.5&q=80&fm=jpg&crop=entropy&w=750&h=750&fit=crop&s=dce496ca14850621cb7433c7937ee58c,#instadaily â¤ï¸â¤ï¸ ğŸ‘Œ #follow #bestoftheday #tweegram #whatever #instacool #swag ğŸ˜¬ #amazing #instafollow ğŸ™„ #photooftheday #love #picoftheday
Penny,Campbell,Penny Campbell,crazybutterfly321,penny.campbell@example.com,female,https://images.unsplash.com/photo-1446117788378-6805add75533?ixlib=rb-0.3.5&q=80&fm=jpg&crop=entropy&w=400&h=400&fit=crop&s=2e4190fb0efbe76901ab99dcc7708b65,https://images.unsplash.com/16/unsplash_5263605581e32_1.JPG?ixlib=rb-0.3.5&q=80&fm=jpg&crop=entropy&w=750&h=750&fit=crop&s=709b4e04eda4fdcea81bf3bbc3c8bf14,#instagood #peace ğŸ¤˜ğŸ¤˜ #whatever ğŸ¤‘ #look
Craig,Ortiz,Craig Ortiz,organicduck560,craig.ortiz@example.com,male,https://images.unsplash.com/photo-1435194510257-0cf4a8b4a0a3?ixlib=rb-0.3.5&q=80&fm=jpg&crop=entropy&w=400&h=400&fit=crop&s=b7bbf5cafa2b341a31e601bf4d2532ff,https://images.unsplash.com/photo-1433601537813-f75aec21de19?ixlib=rb-0.3.5&q=80&fm=jpg&crop=entropy&w=750&h=750&fit=crop&s=67c688a1bba8e5b4c6ccfca45171475e,#swag #girl #instagood #look #photooftheday #roadtrip #smile â¤ï¸â¤ï¸ ğŸ‘Œ âœŒï¸ #follow4follow
Eduardo,Hopkins,Eduardo Hopkins,biglion656,eduardo.hopkins@example.com,male,https://images.unsplash.com/photo-1430505046445-10ec3b96acf0?ixlib=rb-0.3.5&q=80&fm=jpg&crop=entropy&w=400&h=400&fit=crop&s=f2cceeffb4567ceb63966507d71ff383,https://images.unsplash.com/photo-1440952306150-7f239990787e?ixlib=rb-0.3.5&q=80&fm=jpg&crop=entropy&w=750&h=750&fit=crop&s=49c538e84d1253eec687182e68b8c84e,#roadtrip #instadaily #colorful #style ğŸ™„ #swag #TFLers #igers #look #bestoftheday #follow #love #instagood ğŸ¤“ ğŸ˜¬ ğŸ˜ğŸ˜ ğŸ˜ #tweegram #picoftheday #food ğŸ™
Rose,Pearson,Rose Pearson,yellowkoala669,rose.pearson@example.com,female,https://images.unsplash.com/photo-1430751254551-a927757e0bf9?ixlib=rb-0.3.5&q=80&fm=jpg&crop=entropy&w=400&h=400&fit=crop&s=aed62cd6800cd365182c921846b28eb8,https://images.unsplash.com/photo-1452630271011-9b7f6cb309dd?ixlib=rb-0.3.5&q=80&fm=jpg&crop=entropy&w=750&h=750&fit=crop&s=63c549cc73b27bf0bf7b29e761d80afc,#photooftheday #iphoneonly ğŸ¤‘ #amazing #style ğŸ¤“
Tina,Morales,Tina Morales,purplebutterfly911,tina.morales@example.com,female,https://images.unsplash.com/photo-1457084103532-1bc117b6fd95?ixlib=rb-0.3.5&q=80&fm=jpg&crop=entropy&w=400&h=400&fit=crop&s=3ba058588ac8cf9c4a6b6d7d23fe11e5,https://images.unsplash.com/photo-1436473849883-bb3464c23e93?ixlib=rb-0.3.5&q=80&fm=jpg&crop=entropy&w=750&h=750&fit=crop&s=9f73ddcb8f283d2652f02dad5ef0073f,#tweegram ğŸ™ #girl #whatever ğŸ¤‘ ğŸ™„ #iphoneonly #amazing #photooftheday #food ğŸ¤“
Fred,Oliver,Fred Oliver,purplesnake458,fred.oliver@example.com,male,https://images.unsplash.com/photo-1429159823131-17baa71b62a7?ixlib=rb-0.3.5&q=80&fm=jpg&crop=entropy&w=400&h=400&fit=crop&s=f4664ecd0901b9c8f12e4f07db9f0c0e,https://images.unsplash.com/photo-1424819827928-55f0c8497861?ixlib=rb-0.3.5&q=80&fm=jpg&crop=entropy&w=750&h=750&fit=crop&s=df7c9154d17756b98575ee1eb3a0eee5,#TFLers #instacool â¤ï¸â¤ï¸ #instagood #20likes #smile #colorful ğŸ™„ ğŸ¤‘ #webstagram #girl
Jamie,Brown,Jamie Brown,yellowtiger511,jamie.brown@example.com,female,https://images.unsplash.com/photo-1452009899134-7f5be16c604d?ixlib=rb-0.3.5&q=80&fm=jpg&crop=entropy&w=400&h=400&fit=crop&s=5db48f6efde3c92d6af6d1efcba98260,https://images.unsplash.com/photo-1444360726299-f5e3b91192c7?ixlib=rb-0.3.5&q=80&fm=jpg&crop=entropy&w=750&h=750&fit=crop&s=ddf7ea4539ac022f4d707bf8614d4847,ğŸ™„ ğŸ¤‘ â¤ï¸â¤ï¸ #amazing #swag #instacool ğŸ™ #girl #instadaily #instago ğŸ˜
Josephine,Garrett,Josephine Garrett,purpledog295,josephine.garrett@example.com,female,https://images.unsplash.com/photo-1457486389448-39b73c93f7ce?ixlib=rb-0.3.5&q=80&fm=jpg&crop=entropy&w=400&h=400&fit=crop&s=cc75f7256a9de37df64c2b7c1cdbd057,https://images.unsplash.com/photo-1433883669848-fa8a7ce070b2?ixlib=rb-0.3.5&q=80&fm=jpg&crop=entropy&w=750&h=750&fit=crop&s=2922aa356dcbae02909ffd0e0a3b1e0b,#photooftheday #whatever #peace #swag #instacool #food â¤ï¸â¤ï¸ ğŸ¤“ #followme #igers ğŸ˜
Everett,Marshall,Everett Marshall,whitemouse353,everett.marshall@example.com,male,https://images.unsplash.com/photo-1455670371461-26fe0146f746?ixlib=rb-0.3.5&q=80&fm=jpg&crop=entropy&w=400&h=400&fit=crop&s=a53ec4f153bf044976d910037f290fa4,https://images.unsplash.com/photo-1438026655234-bbea54fb6f95?ixlib=rb-0.3.5&q=80&fm=jpg&crop=entropy&w=750&h=750&fit=crop&s=8a68b430f73d883936f026749bddfd57,â¤ï¸â¤ï¸ #photooftheday #colorful #picoftheday #amazing #instafollow
Arlene,Herrera,Arlene Herrera,beautifullion784,arlene.herrera@example.com,female,https://images.unsplash.com/photo-1442507210693-938e0e77fef2?ixlib=rb-0.3.5&q=80&fm=jpg&crop=entropy&w=400&h=400&fit=crop&s=276719a359ff8bda06bd35fa1ef818dc,https://images.unsplash.com/photo-1444920275954-9dddec6b714e?ixlib=rb-0.3.5&q=80&fm=jpg&crop=entropy&w=750&h=750&fit=crop&s=fd72f5a9ff23ed791913c070c0df69a8,#food #smile #picoftheday #TFLers ğŸ™ #style
Kathryn,Henry,Kathryn Henry,greenmeercat129,kathryn.henry@example.com,female,https://images.unsplash.com/photo-1437912670385-d3fef2b7247a?ixlib=rb-0.3.5&q=80&fm=jpg&crop=entropy&w=400&h=400&fit=crop&s=976be97ff5a84a443fd3b0999fe234d4,https://images.unsplash.com/photo-1456122094442-53515c416dca?ixlib=rb-0.3.5&q=80&fm=jpg&crop=entropy&w=750&h=750&fit=crop&s=d3e31a83fa14d907b01fa59f9c8b2d0c,ğŸ¤˜ğŸ¤˜ #all_shots #tweegram ğŸ˜¬ #girl ğŸ™ #instafollow #whatever #amazing #igers #bestoftheday ğŸ™„ #TFLers #swag #photooftheday #iphoneonly #food #followme #colorful ğŸ˜ ğŸ¤‘
Emma,Murphy,Emma Murphy,goldenswan451,emma.murphy@example.com,female,https://images.unsplash.com/photo-1452460028020-ee243f477860?ixlib=rb-0.3.5&q=80&fm=jpg&crop=entropy&w=400&h=400&fit=crop&s=b2b94aed1f1ef8dd43e00722727d1293,https://images.unsplash.com/20/bw-room.JPG?ixlib=rb-0.3.5&q=80&fm=jpg&crop=entropy&w=750&h=750&fit=crop&s=230e3a2f9742c1a954a9ca9aee33c26b,#all_shots ğŸ¤“ ğŸ™ #love ğŸ‘Œ #smile #igers #swag #instago #bestoftheday ğŸ™„
Mario,Long,Mario Long,orangeleopard669,mario.long@example.com,male,https://images.unsplash.com/photo-1437943085269-6da5dd4295bf?ixlib=rb-0.3.5&q=80&fm=jpg&crop=entropy&w=400&h=400&fit=crop&s=5a85bf687a4979c821b2b4bde3a2ba04,https://images.unsplash.com/reserve/YFdIoUsRJCAehcoUnQaS_Straw.jpg?ixlib=rb-0.3.5&q=80&fm=jpg&crop=entropy&w=750&h=750&fit=crop&s=cdb80d501495091a7b41c251a99c3670,ğŸ‘Œ
Roberto,Hill,Roberto Hill,purpleleopard914,roberto.hill@example.com,male,https://images.unsplash.com/photo-1457084882212-4a6bb2240588?ixlib=rb-0.3.5&q=80&fm=jpg&crop=entropy&w=400&h=400&fit=crop&s=ceeb1f3a54b92fa6b79c6fc09bf2dfa7,https://images.unsplash.com/photo-1431057499046-ecd6e0f36ebe?ixlib=rb-0.3.5&q=80&fm=jpg&crop=entropy&w=750&h=750&fit=crop&s=1d16af0e5a6327f8e438aa0dded629bd,ğŸ™„
Dora,Walker,Dora Walker,blackladybug138,dora.walker@example.com,female,https://images.unsplash.com/photo-1447887781034-d96bb36d5e00?ixlib=rb-0.3.5&q=80&fm=jpg&crop=entropy&w=400&h=400&fit=crop&s=af056eca088090da3296fade4de281f9,https://images.unsplash.com/photo-1434600705575-4285a88363a8?ixlib=rb-0.3.5&q=80&fm=jpg&crop=entropy&w=750&h=750&fit=crop&s=8a354735a21107e3e439dc5ffe9afcb5,#instago #food ğŸ˜ğŸ˜ â¤ï¸â¤ï¸ ğŸ¤˜ğŸ¤˜ #love #follow #whatever ğŸ™ #follow4follow #style #tweegram #colorful #all_shots #webstagram ğŸ¤‘ #iphoneonly ğŸ‘Œ #peace #look #girl
Jamie,Torres,Jamie Torres,lazybear830,jamie.torres@example.com,male,https://images.unsplash.com/photo-1438016920686-9bccd253c785?ixlib=rb-0.3.5&q=80&fm=jpg&crop=entropy&w=400&h=400&fit=crop&s=19383c1f5d4fbf1c4bbffa8c662f3629,https://images.unsplash.com/photo-1457459588520-2ae325c92c09?ixlib=rb-0.3.5&q=80&fm=jpg&crop=entropy&w=750&h=750&fit=crop&s=bbda49c4c52ebb016007b2a620a5f917,#food #smile #iphoneonly ğŸ¤˜ğŸ¤˜ #photooftheday #instago #whatever #igers ğŸ˜ #tweegram #girl
Rosa,Watts,Rosa Watts,organicwolf150,rosa.watts@example.com,female,https://images.unsplash.com/photo-1444681179373-730055ddc7b6?ixlib=rb-0.3.5&q=80&fm=jpg&crop=entropy&w=400&h=400&fit=crop&s=8d45954af3d4e8352b216589db559fdb,https://images.unsplash.com/photo-1457383457550-47a5cfdbab17?ixlib=rb-0.3.5&q=80&fm=jpg&crop=entropy&w=750&h=750&fit=crop&s=8fd9d2ef941e842c00166294900daad8,#amazing ğŸ˜ #instacool #picoftheday #instago #iphoneonly
Maureen,Murphy,Maureen Murphy,blackpanda456,maureen.murphy@example.com,female,https://images.unsplash.com/photo-1445295029071-5151176738d0?ixlib=rb-0.3.5&q=80&fm=jpg&crop=entropy&w=400&h=400&fit=crop&s=829488581360777af3897edd41ae5d23,https://images.unsplash.com/photo-1444041217995-27e2cd75e414?ixlib=rb-0.3.5&q=80&fm=jpg&crop=entropy&w=750&h=750&fit=crop&s=2380a6f0d1f17b102efd5b4f2fbbc51e,#girl #roadtrip #instagood #TFLers #picoftheday #smile #amazing #webstagram #instafollow #look ğŸ¤‘ #iphoneonly #peace #swag #instacool #instadaily ğŸ¤˜ğŸ¤˜ #20likes #instago #love #all_shots
Mark,Gomez,Mark Gomez,goldenbear813,mark.gomez@example.com,male,https://images.unsplash.com/photo-1453813690382-15622628824f?ixlib=rb-0.3.5&q=80&fm=jpg&crop=entropy&w=400&h=400&fit=crop&s=a62eda91e32c98ea78436beee640be43,https://images.unsplash.com/photo-1455798736971-37acee91c6d0?ixlib=rb-0.3.5&q=80&fm=jpg&crop=entropy&w=750&h=750&fit=crop&s=c4e88c88a97d1f2be93cb17a83b8137b,ğŸ˜ â¤ï¸â¤ï¸ #amazing #all_shots #style ğŸ¤˜ğŸ¤˜
Kristin,Howard,Kristin Howard,greenduck201,kristin.howard@example.com,female,https://images.unsplash.com/photo-1426532926058-0f52e26ce4f5?ixlib=rb-0.3.5&q=80&fm=jpg&crop=entropy&w=400&h=400&fit=crop&s=dc2d5a108d97a98a9dc91f76f7fe1e81,https://images.unsplash.com/uploads/1411019771277351324a9/9a81aca2?ixlib=rb-0.3.5&q=80&fm=jpg&crop=entropy&w=750&h=750&fit=crop&s=7a71ba23baced17362a8e12c4f56c518,#girl #colorful #bestoftheday ğŸ˜ğŸ˜ #look #igers #instadaily ğŸ˜ #followme â¤ï¸â¤ï¸ #follow4follow #love ğŸ™„ ğŸ¤“ #smile âœŒï¸
Leona,Ryan,Leona Ryan,smallduck296,leona.ryan@example.com,female,https://images.unsplash.com/uploads/14126354252373c8cff7f/613c2071?ixlib=rb-0.3.5&q=80&fm=jpg&crop=entropy&w=400&h=400&fit=crop&s=57c70b1a31f2763412c9792a97880dd7,https://images.unsplash.com/photo-1438885463478-9d1eb796ec08?ixlib=rb-0.3.5&q=80&fm=jpg&crop=entropy&w=750&h=750&fit=crop&s=f3bed74952f7c8ae413b17045cf6173e,#iphoneonly
Harper,Reyes,Harper Reyes,ticklishdog371,harper.reyes@example.com,female,https://images.unsplash.com/photo-1429280064633-adb9d2bea577?ixlib=rb-0.3.5&q=80&fm=jpg&crop=entropy&w=400&h=400&fit=crop&s=cc53e8ee6eaefc34ef9d0c4c34f1e89b,https://images.unsplash.com/photo-1433030384060-b53fe066a835?ixlib=rb-0.3.5&q=80&fm=jpg&crop=entropy&w=750&h=750&fit=crop&s=e97130b754f7bf206c2f9ee9fbe6adce,#instacool #look #picoftheday #TFLers ğŸ‘Œ #girl ğŸ™ ğŸ¤“ #instagood âœŒï¸ #follow
Alberto,Stevens,Alberto Stevens,crazyrabbit437,alberto.stevens@example.com,male,https://images.unsplash.com/reserve/dPfjQTyJSJ2LpM7D9Yr0_Photo%2015-02-2014.jpg?ixlib=rb-0.3.5&q=80&fm=jpg&crop=entropy&w=400&h=400&fit=crop&s=97780f2d5943f4bca1e7fc3c44da6053,https://images.unsplash.com/photo-1438298900126-cdba9e7040a6?ixlib=rb-0.3.5&q=80&fm=jpg&crop=entropy&w=750&h=750&fit=crop&s=ffe5c4c00e9d6e5ddd66d0a251f55f8b,#instafollow ğŸ‘Œ ğŸ˜ğŸ˜ ğŸ™ #follow4follow #iphoneonly #instadaily #bestoftheday #swag #food #colorful #instago ğŸ˜¬ #love ğŸ¤˜ğŸ¤˜ #picoftheday #roadtrip #followme ğŸ™„ #look #TFLers
Albert,Oliver,Albert Oliver,yellowsnake601,albert.oliver@example.com,male,https://images.unsplash.com/photo-1424912599891-40e671ad91e3?ixlib=rb-0.3.5&q=80&fm=jpg&crop=entropy&w=400&h=400&fit=crop&s=7b56341fa1d0c13d7dd0abbb4e7e478c,https://images.unsplash.com/photo-1444418776041-9c7e33cc5a9c?ixlib=rb-0.3.5&q=80&fm=jpg&crop=entropy&w=750&h=750&fit=crop&s=b1d95c3af30c2a3cf6cae58051fb8d58,#style
Holly,Garza,Holly Garza,silvertiger478,holly.garza@example.com,female,https://images.unsplash.com/photo-1440549800803-9e2d063c9d00?ixlib=rb-0.3.5&q=80&fm=jpg&crop=entropy&w=400&h=400&fit=crop&s=e2e6bbac8770613ef6df2e03d53b3b87,https://images.unsplash.com/photo-1450851100967-1a8368a583c4?ixlib=rb-0.3.5&q=80&fm=jpg&crop=entropy&w=750&h=750&fit=crop&s=3950d6c230bd0b12f790fee5358ead05,ğŸ™„ #all_shots #picoftheday #iphoneonly #follow #webstagram ğŸ¤˜ğŸ¤˜ #instacool #instafollow #peace #tweegram
Carl,Daniels,Carl Daniels,smallpeacock366,carl.daniels@example.com,male,https://images.unsplash.com/3/alejandroescamilla-dude-walkin.jpg?ixlib=rb-0.3.5&q=80&fm=jpg&crop=entropy&w=400&h=400&fit=crop&s=9c30ddfdd16e1b9c41afd432482812f2,https://images.unsplash.com/photo-1443180236447-432ea00e6ead?ixlib=rb-0.3.5&q=80&fm=jpg&crop=entropy&w=750&h=750&fit=crop&s=4fb225709557235a394f87d7ea632e99,#girl
Connie,Harvey,Connie Harvey,brownfrog929,connie.harvey@example.com,female,https://images.unsplash.com/photo-1456426531648-850ec2f5a462?ixlib=rb-0.3.5&q=80&fm=jpg&crop=entropy&w=400&h=400&fit=crop&s=ff314cfc335a7405ed5b4f8398a797cc,https://images.unsplash.com/photo-1446768188400-0cf64a86da7e?ixlib=rb-0.3.5&q=80&fm=jpg&crop=entropy&w=750&h=750&fit=crop&s=7f62bf38bab92cf800b22c03154191f2,#tweegram #food #girl #picoftheday #instagood #look #TFLers ğŸ˜ ğŸ™ ğŸ™„ #igers
Herminia,Jackson,Herminia Jackson,goldenlion896,herminia.jackson@example.com,female,https://images.unsplash.com/photo-1444068700300-d6ef2904d5e4?ixlib=rb-0.3.5&q=80&fm=jpg&crop=entropy&w=400&h=400&fit=crop&s=e068bb6267b6f1bcbcf4b4dedcfe553d,https://images.unsplash.com/photo-1422190441165-ec2956dc9ecc?ixlib=rb-0.3.5&q=80&fm=jpg&crop=entropy&w=750&h=750&fit=crop&s=bc7767259c9dcab34988253e3ec0147e,âœŒï¸
Calvin,Sims,Calvin Sims,browngoose878,calvin.sims@example.com,male,https://images.unsplash.com/photo-1450108801950-e5c9fa4d4853?ixlib=rb-0.3.5&q=80&fm=jpg&crop=entropy&w=400&h=400&fit=crop&s=d3c1f4abbde9abee0baf539768705ebb,https://images.unsplash.com/photo-1454908225854-b200322cd05a?ixlib=rb-0.3.5&q=80&fm=jpg&crop=entropy&w=750&h=750&fit=crop&s=d78cf5d97d58bc6ddb707dd117733f4f,#love #look #bestoftheday #follow #iphoneonly â¤ï¸â¤ï¸ ğŸ¤˜ğŸ¤˜ #tweegram ğŸ˜ #all_shots ğŸ¤“ #instafollow #roadtrip #instagood #swag #webstagram #TFLers #followme #instago #amazing #picoftheday
Hilda,Herrera,Hilda Herrera,blueleopard635,hilda.herrera@example.com,female,https://images.unsplash.com/reserve/unsplash_528b27288f41f_1.JPG?ixlib=rb-0.3.5&q=80&fm=jpg&crop=entropy&w=400&h=400&fit=crop&s=5ad3051145497f99e2f3c0775b5aaa95,https://images.unsplash.com/photo-1444069788560-6ae1deb4c0d4?ixlib=rb-0.3.5&q=80&fm=jpg&crop=entropy&w=750&h=750&fit=crop&s=e668aee76001bc634efd3b28d84be66b,#follow4follow #instafollow #peace ğŸ˜¬ #igers #instagood #amazing #all_shots #colorful ğŸ¤‘ #roadtrip
Letitia,Watson,Letitia Watson,beautifulpeacock194,letitia.watson@example.com,female,https://images.unsplash.com/photo-1420661597896-f39734924a3a?ixlib=rb-0.3.5&q=80&fm=jpg&crop=entropy&w=400&h=400&fit=crop&s=14296b8dc0e3f7908d55d8e633d406ff,https://images.unsplash.com/photo-1440916005374-25bdd8dc52ba?ixlib=rb-0.3.5&q=80&fm=jpg&crop=entropy&w=750&h=750&fit=crop&s=3e99f9bf7efe2b96f99f31b0193a28f6,#love #follow #smile #instadaily â¤ï¸â¤ï¸ âœŒï¸ #whatever #instacool #swag #look ğŸ™„
David,Fletcher,David Fletcher,ticklishelephant197,david.fletcher@example.com,male,https://images.unsplash.com/photo-1435458961727-85921b63bf2c?ixlib=rb-0.3.5&q=80&fm=jpg&crop=entropy&w=400&h=400&fit=crop&s=39274a676f768e72cc5dbc57041050cf,https://images.unsplash.com/photo-1457256439474-fbd0369264a1?ixlib=rb-0.3.5&q=80&fm=jpg&crop=entropy&w=750&h=750&fit=crop&s=d28d5e4288a486a91ec37e7f86336a82,ğŸ‘Œ
Lily,Kim,Lily Kim,goldendog846,lily.kim@example.com,female,https://images.unsplash.com/photo-1455977232571-10eeea7d9de6?ixlib=rb-0.3.5&q=80&fm=jpg&crop=entropy&w=400&h=400&fit=crop&s=5e400d04cecc5e66f44c33581fe3c2fe,https://images.unsplash.com/photo-1437716905505-dc30ee8f3654?ixlib=rb-0.3.5&q=80&fm=jpg&crop=entropy&w=750&h=750&fit=crop&s=dc666f8c314ec08beae16482e3814e99,#instacool #instagood #followme #follow4follow #roadtrip #love ğŸ˜ #instafollow ğŸ¤˜ğŸ¤˜ ğŸ˜¬ #bestoftheday
Anne,Pierce,Anne Pierce,silverwolf963,anne.pierce@example.com,female,https://images.unsplash.com/photo-1441123100240-f9f3f77ed41b?ixlib=rb-0.3.5&q=80&fm=jpg&crop=entropy&w=400&h=400&fit=crop&s=9cfbe05b7b4a09c07a18dcad7a455484,https://images.unsplash.com/photo-1455746360070-6fb28132fa82?ixlib=rb-0.3.5&q=80&fm=jpg&crop=entropy&w=750&h=750&fit=crop&s=249e321d00a109320062eb833360e4f0,ğŸ˜
Constance,Stanley,Constance Stanley,purplewolf293,constance.stanley@example.com,female,https://images.unsplash.com/photo-1434080565860-3c6afbb50920?ixlib=rb-0.3.5&q=80&fm=jpg&crop=entropy&w=400&h=400&fit=crop&s=4b7da491e10f91058c255bf0ac8b4367,https://images.unsplash.com/reserve/22gQ9dqRziaAoZeBpZVY_kornmark-01.png?ixlib=rb-0.3.5&q=80&fm=jpg&crop=entropy&w=750&h=750&fit=crop&s=3b133eb57540e0e9693b6aa44528945d,#look #all_shots #smile #whatever ğŸ˜ #style ğŸ˜¬ #love #iphoneonly #instacool #colorful #webstagram #swag #roadtrip #girl #photooftheday ğŸ‘Œ ğŸ™„ #tweegram ğŸ˜ğŸ˜ â¤ï¸â¤ï¸
Jessie,Byrd,Jessie Byrd,heavywolf838,jessie.byrd@example.com,female,https://images.unsplash.com/photo-1452505975376-3503058deda8?ixlib=rb-0.3.5&q=80&fm=jpg&crop=entropy&w=400&h=400&fit=crop&s=151edf092651aa83745676b701409917,https://images.unsplash.com/photo-1423841265803-dfac59ebf718?ixlib=rb-0.3.5&q=80&fm=jpg&crop=entropy&w=750&h=750&fit=crop&s=313fd5bf7f5793a24ce2993209336431,ğŸ¤“ â¤ï¸â¤ï¸ #peace #photooftheday ğŸ˜¬ ğŸ˜ğŸ˜ #love ğŸ¤˜ğŸ¤˜ #all_shots #bestoftheday #picoftheday
Ross,Hart,Ross Hart,crazyostrich252,ross.hart@example.com,male,https://images.unsplash.com/photo-1452672989313-64a9ab02df37?ixlib=rb-0.3.5&q=80&fm=jpg&crop=entropy&w=400&h=400&fit=crop&s=868e3a20895ea3cf8e50aaab6b78d6da,https://images.unsplash.com/photo-1453307388976-787e7517ee43?ixlib=rb-0.3.5&q=80&fm=jpg&crop=entropy&w=750&h=750&fit=crop&s=364a6c6848ca77e47f4cd6b7224d9d7a,#20likes ğŸ¤“ #food #instacool #colorful #roadtrip
Melissa,Chambers,Melissa Chambers,whitegorilla928,melissa.chambers@example.com,female,https://images.unsplash.com/photo-1434073699362-fc2ce03c8d55?ixlib=rb-0.3.5&q=80&fm=jpg&crop=entropy&w=400&h=400&fit=crop&s=180d214d22d66712646c144890495689,https://images.unsplash.com/photo-1443891238287-325a8fddd0f7?ixlib=rb-0.3.5&q=80&fm=jpg&crop=entropy&w=750&h=750&fit=crop&s=7b5c334fd9ce0ff470bdca056f28fa46,#colorful #tweegram #followme #follow4follow #all_shots #girl
Norman,Lawrence,Norman Lawrence,bigduck446,norman.lawrence@example.com,male,https://images.unsplash.com/photo-1419107762371-d34cf8a2549a?ixlib=rb-0.3.5&q=80&fm=jpg&crop=entropy&w=400&h=400&fit=crop&s=2b4080f5ce83d2132ce4b234a8aa5a7d,https://images.unsplash.com/uploads/14133951691091c46db35/b0f9e0b2?ixlib=rb-0.3.5&q=80&fm=jpg&crop=entropy&w=750&h=750&fit=crop&s=d365cf6222bc6c1e538d5b012d94d690,#follow4follow âœŒï¸ #picoftheday ğŸ˜¬ #webstagram #followme #peace ğŸ¤‘ â¤ï¸â¤ï¸ #instagood #instadaily #food #instago ğŸ™ #TFLers #iphoneonly
Chad,Washington,Chad Washington,goldenpeacock588,chad.washington@example.com,male,https://images.unsplash.com/photo-1439003768858-b7a3718981bd?ixlib=rb-0.3.5&q=80&fm=jpg&crop=entropy&w=400&h=400&fit=crop&s=ae8f331304e3a313cf02b10b97e9b521,https://images.unsplash.com/photo-1431963143256-9fd69be303fb?ixlib=rb-0.3.5&q=80&fm=jpg&crop=entropy&w=750&h=750&fit=crop&s=b4d7f1b617566ff5f846d5ca72361f13,#whatever #peace #followme #follow4follow ğŸ™ #instadaily #food #girl #love #amazing ğŸ¤“ #style #swag ğŸ˜ âœŒï¸ ğŸ¤‘ #bestoftheday ğŸ¤˜ğŸ¤˜ ğŸ™„ #TFLers #igers
Glen,Young,Glen Young,tinyfrog795,glen.young@example.com,male,https://images.unsplash.com/photo-1457084882212-4a6bb2240588?ixlib=rb-0.3.5&q=80&fm=jpg&crop=entropy&w=400&h=400&fit=crop&s=ceeb1f3a54b92fa6b79c6fc09bf2dfa7,https://images.unsplash.com/photo-1440658172029-9d9e5cdc127c?ixlib=rb-0.3.5&q=80&fm=jpg&crop=entropy&w=750&h=750&fit=crop&s=a378ef705ddf519a323eeab0678bc86b,#instago #20likes #igers #instacool #followme ğŸ™
Don,Jensen,Don Jensen,whitedog460,don.jensen@example.com,male,https://images.unsplash.com/photo-1446214814726-e6074845b4ce?ixlib=rb-0.3.5&q=80&fm=jpg&crop=entropy&w=400&h=400&fit=crop&s=ab51cfcbac41f71ca914db60908a8b2a,https://images.unsplash.com/photo-1442570356633-6f94cdd73a48?ixlib=rb-0.3.5&q=80&fm=jpg&crop=entropy&w=750&h=750&fit=crop&s=4714ed8b1f0f9e0c97a1a15e43f434c9,#love #peace #style #follow #whatever #webstagram â¤ï¸â¤ï¸ #20likes #tweegram âœŒï¸ ğŸ¤˜ğŸ¤˜
Sophia,Ryan,Sophia Ryan,organictiger259,sophia.ryan@example.com,female,https://images.unsplash.com/photo-1444736449062-db90fe1fc7ca?ixlib=rb-0.3.5&q=80&fm=jpg&crop=entropy&w=400&h=400&fit=crop&s=7c3e59f51b65e4a90d918bba193f4810,https://images.unsplash.com/photo-1445607268922-c86255e164a3?ixlib=rb-0.3.5&q=80&fm=jpg&crop=entropy&w=750&h=750&fit=crop&s=fd5715aa15f30b5ac6897cf331bda014,#style #20likes #bestoftheday #roadtrip #iphoneonly #followme ğŸ¤‘ #love #smile ğŸ‘Œ #TFLers #tweegram #colorful #peace ğŸ™„ #girl
Aubree,Morales,Aubree Morales,greenfrog489,aubree.morales@example.com,female,https://images.unsplash.com/photo-1445404590072-16ef9c18bd83?ixlib=rb-0.3.5&q=80&fm=jpg&crop=entropy&w=400&h=400&fit=crop&s=ebf7a219b29001a860ae36f2ba2d5a53,https://images.unsplash.com/photo-1415840077394-d850f02f0478?ixlib=rb-0.3.5&q=80&fm=jpg&crop=entropy&w=750&h=750&fit=crop&s=d9503620021680ca0ae87fdb23a08d2d,ğŸ™ ğŸ˜¬ #colorful #love #follow ğŸ˜ #style #iphoneonly #igers #amazing âœŒï¸ ğŸ‘Œ ğŸ™„ #instagood #peace #roadtrip #webstagram #bestoftheday #food #20likes #instafollow
Leona,Gonzalez,Leona Gonzalez,yellowelephant652,leona.gonzalez@example.com,female,https://images.unsplash.com/photo-1450094159078-1ea706437886?ixlib=rb-0.3.5&q=80&fm=jpg&crop=entropy&w=400&h=400&fit=crop&s=995196b9fa6141f66a913b67564d5b94,https://images.unsplash.com/photo-1415369629372-26f2fe60c467?ixlib=rb-0.3.5&q=80&fm=jpg&crop=entropy&w=750&h=750&fit=crop&s=3b1f0eb3b9d8dac4bd95bebc6f70f872,#peace ğŸ¤˜ğŸ¤˜ ğŸ¤“ #webstagram #instago #smile #girl #iphoneonly #bestoftheday #swag #instadaily
Clifton,Hill,Clifton Hill,heavymouse858,clifton.hill@example.com,male,https://images.unsplash.com/photo-1446214814726-e6074845b4ce?ixlib=rb-0.3.5&q=80&fm=jpg&crop=entropy&w=400&h=400&fit=crop&s=ab51cfcbac41f71ca914db60908a8b2a,https://images.unsplash.com/photo-1422190250491-77319cf2ffae?ixlib=rb-0.3.5&q=80&fm=jpg&crop=entropy&w=750&h=750&fit=crop&s=aaa87551f9a65936986e0b967b71e60b,#look
Yvonne,Hopkins,Yvonne Hopkins,crazysnake382,yvonne.hopkins@example.com,female,https://images.unsplash.com/photo-1441014023725-517f53f8ed61?ixlib=rb-0.3.5&q=80&fm=jpg&crop=entropy&w=400&h=400&fit=crop&s=a78667bad3a55ea52f46aac2a30e4f8f,https://images.unsplash.com/photo-1421881987047-11de23461d71?ixlib=rb-0.3.5&q=80&fm=jpg&crop=entropy&w=750&h=750&fit=crop&s=f1f9ad9e231b0c832a1610d4b015b896,ğŸ˜ğŸ˜ #TFLers #instagood #roadtrip ğŸ˜ #food #photooftheday #look #girl #iphoneonly #20likes #style ğŸ¤‘ #instacool #instago #instafollow âœŒï¸ #all_shots #follow4follow ğŸ™ #peace
Emma,Knight,Emma Knight,heavybear447,emma.knight@example.com,female,https://images.unsplash.com/photo-1447688812233-3dbfff862778?ixlib=rb-0.3.5&q=80&fm=jpg&crop=entropy&w=400&h=400&fit=crop&s=0c61ff81c5468b583284a45ab57ba500,https://images.unsplash.com/photo-1433477279231-23917f1746fa?ixlib=rb-0.3.5&q=80&fm=jpg&crop=entropy&w=750&h=750&fit=crop&s=bee199c060549d967c9e564351be2c13,#igers
Katrina,Ward,Katrina Ward,bigwolf530,katrina.ward@example.com,female,https://images.unsplash.com/photo-1442064608994-025fd5d31af5?ixlib=rb-0.3.5&q=80&fm=jpg&crop=entropy&w=400&h=400&fit=crop&s=c14c686f98750c23510fb27efc991be3,https://images.unsplash.com/photo-1455994865388-34b843dd2ef6?ixlib=rb-0.3.5&q=80&fm=jpg&crop=entropy&w=750&h=750&fit=crop&s=19278a79b9e474c93f699b0b2bcc04f6,ğŸ™ #follow #instacool #follow4follow #tweegram ğŸ˜ğŸ˜ #colorful #look #amazing #bestoftheday #igers #TFLers ğŸ™„ #followme ğŸ˜ #webstagram
Ron,Brewer,Ron Brewer,redostrich653,ron.brewer@example.com,male,https://images.unsplash.com/photo-1441583274100-275274596d61?ixlib=rb-0.3.5&q=80&fm=jpg&crop=entropy&w=400&h=400&fit=crop&s=7c25b9b9ddc7d44f00be2b52309ec868,https://images.unsplash.com/photo-1446417243409-ab0ddfdf67f7?ixlib=rb-0.3.5&q=80&fm=jpg&crop=entropy&w=750&h=750&fit=crop&s=84cac18809bff4bdb1088491acf91e38,#picoftheday #look #instadaily ğŸ‘Œ #20likes #whatever
Leo,Willis,Leo Willis,blackmouse418,leo.willis@example.com,male,https://images.unsplash.com/photo-1415886541506-6efc5e4b1786?ixlib=rb-0.3.5&q=80&fm=jpg&crop=entropy&w=400&h=400&fit=crop&s=6c7adf275014f3bff378e3fb06251315,https://images.unsplash.com/photo-1451342695181-17c97b85aab4?ixlib=rb-0.3.5&q=80&fm=jpg&crop=entropy&w=750&h=750&fit=crop&s=5c977d54f7816f24a0ac551584465dd3,#style #iphoneonly #colorful ğŸ˜ğŸ˜ ğŸ¤‘ ğŸ¤“ #food ğŸ™„ #peace ğŸ™ ğŸ˜
Sandra,Weaver,Sandra Weaver,ticklishwolf711,sandra.weaver@example.com,female,https://images.unsplash.com/photo-1452689842785-5f14840dca48?ixlib=rb-0.3.5&q=80&fm=jpg&crop=entropy&w=400&h=400&fit=crop&s=888af962640fe05c7df8dcbe6ef1933a,https://images.unsplash.com/photo-1452111874847-707d7ee99c9b?ixlib=rb-0.3.5&q=80&fm=jpg&crop=entropy&w=750&h=750&fit=crop&s=179941b247a55ce5e67baac32c9a446d,#love #instafollow #TFLers #amazing #20likes #colorful
Ryan,Fletcher,Ryan Fletcher,brownbird788,ryan.fletcher@example.com,male,https://images.unsplash.com/photo-1454625191319-786c05137ef5?ixlib=rb-0.3.5&q=80&fm=jpg&crop=entropy&w=400&h=400&fit=crop&s=b86839b484a62823c3f71676ac093b70,https://images.unsplash.com/uploads/141172692104151d94dd4/4f900e54?ixlib=rb-0.3.5&q=80&fm=jpg&crop=entropy&w=750&h=750&fit=crop&s=dc87f6cd58a704cdc50ceaa87b54ae28,#roadtrip #instadaily â¤ï¸â¤ï¸ #instacool #whatever #20likes ğŸ˜ #webstagram #all_shots #followme ğŸ¤‘ ğŸ™„ ğŸ‘Œ #colorful #igers #love
Samuel,Robinson,Samuel Robinson,organicleopard776,samuel.robinson@example.com,male,https://images.unsplash.com/photo-1429117257281-73c32df3dcdc?ixlib=rb-0.3.5&q=80&fm=jpg&crop=entropy&w=400&h=400&fit=crop&s=27fb38c3ef0d8d30ba05a81a7aa34e6c,https://images.unsplash.com/photo-1438955138287-0c090d2290d5?ixlib=rb-0.3.5&q=80&fm=jpg&crop=entropy&w=750&h=750&fit=crop&s=6a363e3d600efd22989fa9e2f4e025d7,#webstagram
Wade,Pierce,Wade Pierce,yellowfish102,wade.pierce@example.com,male,https://images.unsplash.com/photo-1434826134338-d373048033c4?ixlib=rb-0.3.5&q=80&fm=jpg&crop=entropy&w=400&h=400&fit=crop&s=ce7776e710e2054d8f6ef7261a159af9,https://images.unsplash.com/photo-1455275851458-62f3421626cc?ixlib=rb-0.3.5&q=80&fm=jpg&crop=entropy&w=750&h=750&fit=crop&s=70fd53be49f960daac7de9e2cfc3d94e,#follow
Sheila,Lawson,Sheila Lawson,ticklishbear402,sheila.lawson@example.com,female,https://images.unsplash.com/photo-1455719481584-9272f72df2fb?ixlib=rb-0.3.5&q=80&fm=jpg&crop=entropy&w=400&h=400&fit=crop&s=456e0ffd8fafd7b9b85cb0dace22fd45,https://images.unsplash.com/photo-1440557653082-e8e186733eeb?ixlib=rb-0.3.5&q=80&fm=jpg&crop=entropy&w=750&h=750&fit=crop&s=6c5dea08c95419e56404a9e0377ad7ef,#colorful
Andrea,Palmer,Andrea Palmer,purplecat647,andrea.palmer@example.com,female,https://images.unsplash.com/photo-1414788101029-46aec67101ca?ixlib=rb-0.3.5&q=80&fm=jpg&crop=entropy&w=400&h=400&fit=crop&s=d6f767ade44549bd0397fd87c7b08667,https://images.unsplash.com/photo-1435343634914-ca8f944613d7?ixlib=rb-0.3.5&q=80&fm=jpg&crop=entropy&w=750&h=750&fit=crop&s=0a10de1e074625a825ad174053d9ce94,âœŒï¸
Calvin,Gonzales,Calvin Gonzales,tinycat728,calvin.gonzales@example.com,male,https://images.unsplash.com/photo-1437366292354-50d77fc2afc3?ixlib=rb-0.3.5&q=80&fm=jpg&crop=entropy&w=400&h=400&fit=crop&s=2ae26143333f7d991da35e97b95276af,https://images.unsplash.com/photo-1454496043175-93b8be3d409f?ixlib=rb-0.3.5&q=80&fm=jpg&crop=entropy&w=750&h=750&fit=crop&s=dbe27aa46a614fd74d66334373b4c4f5,#whatever #look #instacool ğŸ˜ #bestoftheday ğŸ¤‘
Willie,Boyd,Willie Boyd,browndog430,willie.boyd@example.com,female,https://images.unsplash.com/photo-1433217684272-723f82dbf72d?ixlib=rb-0.3.5&q=80&fm=jpg&crop=entropy&w=400&h=400&fit=crop&s=846a12f99367df2a522d11895535e089,https://images.unsplash.com/photo-1422682758607-0133674d2ba5?ixlib=rb-0.3.5&q=80&fm=jpg&crop=entropy&w=750&h=750&fit=crop&s=f5c15e5a61aaf0f5d9b7c779837cfb23,ğŸ¤“ #photooftheday #instadaily #peace #look #instago #follow4follow ğŸ˜ğŸ˜ #follow #instafollow #food
Bernard,Williams,Bernard Williams,lazymouse343,bernard.williams@example.com,male,https://images.unsplash.com/photo-1455670371461-26fe0146f746?ixlib=rb-0.3.5&q=80&fm=jpg&crop=entropy&w=400&h=400&fit=crop&s=a53ec4f153bf044976d910037f290fa4,https://images.unsplash.com/photo-1429620112901-fe7288646cd3?ixlib=rb-0.3.5&q=80&fm=jpg&crop=entropy&w=750&h=750&fit=crop&s=4b39d89d018c2504de44888bd9642b0a,ğŸ˜ ğŸ¤‘ #picoftheday #love âœŒï¸ #all_shots #instacool #follow4follow #amazing #igers ğŸ¤˜ğŸ¤˜ #swag #look ğŸ˜¬ #smile #followme ğŸ™ ğŸ¤“ #instagood #photooftheday #tweegram
Isaiah,Chavez,Isaiah Chavez,orangeswan541,isaiah.chavez@example.com,male,https://images.unsplash.com/photo-1438978849647-a3503a63d760?ixlib=rb-0.3.5&q=80&fm=jpg&crop=entropy&w=400&h=400&fit=crop&s=80a542c91839e98519fc2cbbe4b73cc8,https://images.unsplash.com/photo-1454817481404-7e84c1b73b4a?ixlib=rb-0.3.5&q=80&fm=jpg&crop=entropy&w=750&h=750&fit=crop&s=c6d33fe4953b013dfa9e46cc6e033b20,#roadtrip ğŸ¤‘ #webstagram #love #igers #amazing #food âœŒï¸ #TFLers ğŸ™ #style
Jeremiah,Gibson,Jeremiah Gibson,crazysnake284,jeremiah.gibson@example.com,male,https://images.unsplash.com/photo-1445117627052-274425469152?ixlib=rb-0.3.5&q=80&fm=jpg&crop=entropy&w=400&h=400&fit=crop&s=25cb92ddd3ca3e1c98830ef503bc9520,https://images.unsplash.com/photo-1447167494054-2b110e3bf7dd?ixlib=rb-0.3.5&q=80&fm=jpg&crop=entropy&w=750&h=750&fit=crop&s=14e6d1b718b620d61e69aad64071d22b,#iphoneonly #all_shots #20likes #smile #followme #colorful #instagood #look #style #igers #photooftheday #instadaily #love #swag #instacool #amazing ğŸ˜ #TFLers #peace #picoftheday #whatever
Vickie,Prescott,Vickie Prescott,crazydog554,vickie.prescott@example.com,female,https://images.unsplash.com/photo-1452639274666-b8035cc8b2bb?ixlib=rb-0.3.5&q=80&fm=jpg&crop=entropy&w=400&h=400&fit=crop&s=0d2fe6eb856e6fd88df2e00a52e9246c,https://images.unsplash.com/photo-1444228250525-3d441b642d12?ixlib=rb-0.3.5&q=80&fm=jpg&crop=entropy&w=750&h=750&fit=crop&s=2a9b046070dcc4ddca3d733586682f79,#roadtrip #bestoftheday #photooftheday #love #instafollow #look ğŸ˜ğŸ˜ #followme #webstagram #instadaily #whatever ğŸ‘Œ #instago ğŸ™ #igers #iphoneonly âœŒï¸ #smile #follow â¤ï¸â¤ï¸ ğŸ¤˜ğŸ¤˜
Louis,Webb,Louis Webb,bluefish166,louis.webb@example.com,male,https://images.unsplash.com/photo-1457422373114-0d5cb3d0965b?ixlib=rb-0.3.5&q=80&fm=jpg&crop=entropy&w=400&h=400&fit=crop&s=8c495828d554aceb3c4b0f0e878c1415,https://images.unsplash.com/photo-1421885661290-1b5a570626e9?ixlib=rb-0.3.5&q=80&fm=jpg&crop=entropy&w=750&h=750&fit=crop&s=2fb30fdf6d5b56efb3b2524b36b3ec76,#photooftheday #love #iphoneonly #amazing ğŸ˜ #instago
Ronald,Neal,Ronald Neal,greensnake373,ronald.neal@example.com,male,https://images.unsplash.com/photo-1455264646464-fb8b45ab4c57?ixlib=rb-0.3.5&q=80&fm=jpg&crop=entropy&w=400&h=400&fit=crop&s=acc7ebfc55dac0a43ac15b4ac3242598,https://images.unsplash.com/photo-1436046903831-45947c3adf3f?ixlib=rb-0.3.5&q=80&fm=jpg&crop=entropy&w=750&h=750&fit=crop&s=ef32d3e52d7825ed8bf3e3beca4ea162,#look
Brandie,Jacobs,Brandie Jacobs,whitebear751,brandie.jacobs@example.com,female,https://images.unsplash.com/photo-1455638083472-fc88b499dc78?ixlib=rb-0.3.5&q=80&fm=jpg&crop=entropy&w=400&h=400&fit=crop&s=b16fb7e24792b71c26bc0e21ec961599,https://images.unsplash.com/photo-1443827187138-4e5e4e5ba78f?ixlib=rb-0.3.5&q=80&fm=jpg&crop=entropy&w=750&h=750&fit=crop&s=600f29a32469a8bc3c5b2bef96d1548a,#love #food #roadtrip #instadaily ğŸ™„ #igers #webstagram âœŒï¸ #picoftheday #instagood #swag ğŸ¤“ ğŸ˜ğŸ˜ #style #photooftheday #instago #girl #followme #instacool #all_shots #whatever
Martin,Webb,Martin Webb,whiteelephant444,martin.webb@example.com,male,https://images.unsplash.com/photo-1434510423563-c7e99bbc5bbd?ixlib=rb-0.3.5&q=80&fm=jpg&crop=entropy&w=400&h=400&fit=crop&s=4db3249dc032b12f2ce1b7ca82bbc70a,https://images.unsplash.com/photo-1451475836122-926a326bda4f?ixlib=rb-0.3.5&q=80&fm=jpg&crop=entropy&w=750&h=750&fit=crop&s=8342c87de56ede1d731c67818081d073,#picoftheday #instagood #girl #smile #followme #swag #whatever ğŸ™„ ğŸ˜¬ ğŸ˜ğŸ˜ #style
Felecia,Ferguson,Felecia Ferguson,blueleopard643,felecia.ferguson@example.com,female,https://images.unsplash.com/photo-1455655100973-2a0d5f567386?ixlib=rb-0.3.5&q=80&fm=jpg&crop=entropy&w=400&h=400&fit=crop&s=5f95f5589c78146af727c6584b4f1e5d,https://images.unsplash.com/photo-1441803293480-6d6c52f377d9?ixlib=rb-0.3.5&q=80&fm=jpg&crop=entropy&w=750&h=750&fit=crop&s=062c0e8012af15c3b045b1023a7eaceb,â¤ï¸â¤ï¸ #follow #instacool ğŸ¤‘ #bestoftheday #style #tweegram #look #instadaily ğŸ™„ #igers ğŸ¤“ âœŒï¸ #instago #webstagram ğŸ™ #20likes #picoftheday #photooftheday #smile ğŸ˜ğŸ˜
Kelly,Gordon,Kelly Gordon,tinybear165,kelly.gordon@example.com,female,https://images.unsplash.com/photo-1449046153792-7552670cacad?ixlib=rb-0.3.5&q=80&fm=jpg&crop=entropy&w=400&h=400&fit=crop&s=027f503a78c7619bd4dda4b4b62d5482,https://images.unsplash.com/photo-1418226970361-9f1f7227d638?ixlib=rb-0.3.5&q=80&fm=jpg&crop=entropy&w=750&h=750&fit=crop&s=3110684d62a7fcdcbf19192681442c22,ğŸ˜¬ âœŒï¸ #colorful ğŸ™ #girl #swag
Manuel,Hunter,Manuel Hunter,tinyfrog546,manuel.hunter@example.com,male,https://images.unsplash.com/photo-1440451185281-11ff5853ce0a?ixlib=rb-0.3.5&q=80&fm=jpg&crop=entropy&w=400&h=400&fit=crop&s=10b95d73fc578cc3df93be8c4ede2ff8,https://images.unsplash.com/photo-1443188631128-a1b6b1c5c207?ixlib=rb-0.3.5&q=80&fm=jpg&crop=entropy&w=750&h=750&fit=crop&s=d084f8ad5ac02657c1082756380380f9,#style â¤ï¸â¤ï¸ #girl ğŸ™ #followme #instafollow #20likes #instagood ğŸ¤‘ #peace #follow4follow #TFLers #whatever #tweegram âœŒï¸ ğŸ˜ #webstagram #iphoneonly ğŸ¤“ #photooftheday ğŸ¤˜ğŸ¤˜
Monica,Palmer,Monica Palmer,browngoose707,monica.palmer@example.com,female,https://images.unsplash.com/photo-1439865412783-426fad535d06?ixlib=rb-0.3.5&q=80&fm=jpg&crop=entropy&w=400&h=400&fit=crop&s=353454b43e9068366f89af6a8e97e0b6,https://images.unsplash.com/photo-1440411521155-4131e76b2e2b?ixlib=rb-0.3.5&q=80&fm=jpg&crop=entropy&w=750&h=750&fit=crop&s=6134fe3af6b5efd1f9c3319f6f5c55f7,#picoftheday
Sophie,Fernandez,Sophie Fernandez,greenmouse658,sophie.fernandez@example.com,female,https://images.unsplash.com/photo-1431029505519-1fe6fe121714?ixlib=rb-0.3.5&q=80&fm=jpg&crop=entropy&w=400&h=400&fit=crop&s=504651720038f9c9fbfca3d122a157ef,https://images.unsplash.com/photo-1414005987108-a6d06de8769f?ixlib=rb-0.3.5&q=80&fm=jpg&crop=entropy&w=750&h=750&fit=crop&s=e5c18b622a65d1a27b5cc205c0643b7f,#follow ğŸ‘Œ #instacool #TFLers #food #roadtrip #20likes ğŸ¤“ ğŸ™„ ğŸ™ #colorful ğŸ˜ #instago ğŸ˜ğŸ˜ #igers #iphoneonly #girl #smile #webstagram #followme ğŸ˜¬
Addison,Willis,Addison Willis,goldenleopard599,addison.willis@example.com,female,https://images.unsplash.com/photo-1432857240165-0cddad829f24?ixlib=rb-0.3.5&q=80&fm=jpg&crop=entropy&w=400&h=400&fit=crop&s=35901c58fb3ffabf4ced6753b022d2cb,https://images.unsplash.com/photo-1457435353642-d02e5d094a07?ixlib=rb-0.3.5&q=80&fm=jpg&crop=entropy&w=750&h=750&fit=crop&s=34f134f0602434d6e5e082a2906e573a,#love #follow ğŸ™„ ğŸ¤“ #style #picoftheday #photooftheday #igers #follow4follow #look #instago
Keith,Herrera,Keith Herrera,yellowdog934,keith.herrera@example.com,male,https://images.unsplash.com/photo-1438354886727-070458b3b5cf?ixlib=rb-0.3.5&q=80&fm=jpg&crop=entropy&w=400&h=400&fit=crop&s=b8200dd003e4449492e433f51fe9b608,https://images.unsplash.com/photo-1416874017362-3e4f2ca6ff77?ixlib=rb-0.3.5&q=80&fm=jpg&crop=entropy&w=750&h=750&fit=crop&s=a00279ab9f022b51c02b2d8b23954b55,ğŸ¤“ #picoftheday #style ğŸ˜ #bestoftheday #instadaily #amazing #roadtrip #webstagram #photooftheday ğŸ¤‘
Becky,Elliott,Becky Elliott,goldenduck338,becky.elliott@example.com,female,https://images.unsplash.com/photo-1431625867569-b30443e3ef00?ixlib=rb-0.3.5&q=80&fm=jpg&crop=entropy&w=400&h=400&fit=crop&s=0f7085f253283474d35f5184c1589e59,https://images.unsplash.com/photo-1446421728091-d32c69806a8e?ixlib=rb-0.3.5&q=80&fm=jpg&crop=entropy&w=750&h=750&fit=crop&s=675c02b45212f236e89b94ff7a23df3e,#peace #look #whatever #igers ğŸ¤“ #instago #follow4follow #smile #bestoftheday ğŸ‘Œ ğŸ¤‘ #webstagram ğŸ™„ #colorful #followme #love ğŸ˜¬ #style #photooftheday #picoftheday #TFLers
Alan,Douglas,Alan Douglas,silversnake570,alan.douglas@example.com,male,https://images.unsplash.com/photo-1455869644213-7cf365c18456?ixlib=rb-0.3.5&q=80&fm=jpg&crop=entropy&w=400&h=400&fit=crop&s=36ec34b926a7f024a85a415b149d75b5,https://images.unsplash.com/photo-1454618454636-a42c7330ccce?ixlib=rb-0.3.5&q=80&fm=jpg&crop=entropy&w=750&h=750&fit=crop&s=5f858da08c4d484e75fc7a6357f9f297,#bestoftheday #smile #igers ğŸ˜¬ ğŸ‘Œ ğŸ¤“ #peace #all_shots #instagood #instafollow ğŸ™
Kylie,Sanders,Kylie Sanders,tinyelephant135,kylie.sanders@example.com,female,https://images.unsplash.com/photo-1416838375725-e834a83f62b7?ixlib=rb-0.3.5&q=80&fm=jpg&crop=entropy&w=400&h=400&fit=crop&s=fdeaa3b9c2275a67b7788f5cfe00e9ff,https://images.unsplash.com/photo-1451471016731-e963a8588be8?ixlib=rb-0.3.5&q=80&fm=jpg&crop=entropy&w=750&h=750&fit=crop&s=517ffbed373579910abfdba437f3c755,ğŸ˜¬ #TFLers #instagood #follow ğŸ‘Œ ğŸ¤“
Nelson,Pearson,Nelson Pearson,silverbird679,nelson.pearson@example.com,male,https://images.unsplash.com/photo-1457052271742-6b6b66887aeb?ixlib=rb-0.3.5&q=80&fm=jpg&crop=entropy&w=400&h=400&fit=crop&s=6f5df4ce2e85b3beac76942f62c8bdf2,https://images.unsplash.com/photo-1428278624233-f46575c2a32d?ixlib=rb-0.3.5&q=80&fm=jpg&crop=entropy&w=750&h=750&fit=crop&s=06b8111fccea8d88bb1115ed6254b525,ğŸ¤˜ğŸ¤˜ ğŸ™„ ğŸ‘Œ #webstagram #follow #smile â¤ï¸â¤ï¸ #TFLers #love #follow4follow #20likes #colorful #roadtrip #swag #picoftheday #peace
Carl,Lynch,Carl Lynch,heavydog579,carl.lynch@example.com,male,https://images.unsplash.com/photo-1453434740627-efd290062c8e?ixlib=rb-0.3.5&q=80&fm=jpg&crop=entropy&w=400&h=400&fit=crop&s=c75b19b872e1d59691b2b660c1cb89b1,https://images.unsplash.com/photo-1451653500993-04a9a6368221?ixlib=rb-0.3.5&q=80&fm=jpg&crop=entropy&w=750&h=750&fit=crop&s=f11beb29518fa8d9ce879abc66b73786,#roadtrip #follow4follow #bestoftheday #instagood #instacool #tweegram ğŸ˜ğŸ˜ #look #peace #food #webstagram #picoftheday #smile #colorful #love ğŸ™
Rita,Castillo,Rita Castillo,redbird395,rita.castillo@example.com,female,https://images.unsplash.com/photo-1453617730988-e8e6fb912dd4?ixlib=rb-0.3.5&q=80&fm=jpg&crop=entropy&w=400&h=400&fit=crop&s=4a5813db42facc0e6b05e1f7dc3597ce,https://images.unsplash.com/reserve/fawrXCzwSsOUMmJr9GGD_alcatraz.jpg?ixlib=rb-0.3.5&q=80&fm=jpg&crop=entropy&w=750&h=750&fit=crop&s=ab398dd096a89286e0741041b80c72f6,#love #webstagram âœŒï¸ #followme ğŸ‘Œ #bestoftheday
Melissa,Rose,Melissa Rose,crazyduck203,melissa.rose@example.com,female,https://images.unsplash.com/photo-1433170897235-615700336230?ixlib=rb-0.3.5&q=80&fm=jpg&crop=entropy&w=400&h=400&fit=crop&s=f474e98a656abda017ae45f1683777f5,https://images.unsplash.com/photo-1443642262833-132dba252dda?ixlib=rb-0.3.5&q=80&fm=jpg&crop=entropy&w=750&h=750&fit=crop&s=27011b1e7131b13db8c5e2e89c9488f0,ğŸ˜ğŸ˜ #food #followme #style #all_shots ğŸ˜¬ #tweegram #follow ğŸ¤‘ #instafollow ğŸ‘Œ #look #photooftheday #20likes #roadtrip #webstagram #whatever ğŸ™„ #instadaily ğŸ¤˜ğŸ¤˜ #bestoftheday
Bradley,Sims,Bradley Sims,goldenladybug997,bradley.sims@example.com,male,https://images.unsplash.com/photo-1454486837617-ce8e1ba5ebfe?ixlib=rb-0.3.5&q=80&fm=jpg&crop=entropy&w=400&h=400&fit=crop&s=bd7b11448b4b19cfcb9ea410527f9190,https://images.unsplash.com/reserve/8INzvLF8TN6oRCKDhcgo_redwood-np.jpg?ixlib=rb-0.3.5&q=80&fm=jpg&crop=entropy&w=750&h=750&fit=crop&s=5cdbe2a655ebff523d17cffd741a6be3,ğŸ¤“ #amazing #whatever #igers #bestoftheday #20likes #colorful ğŸ™„ ğŸ¤‘ ğŸ˜¬ ğŸ¤˜ğŸ¤˜ #roadtrip #love #instadaily #instagood #instacool ğŸ™ ğŸ˜ğŸ˜ â¤ï¸â¤ï¸ #instago #webstagram
Marsha,Gomez,Marsha Gomez,greenelephant526,marsha.gomez@example.com,female,https://images.unsplash.com/photo-1428930377079-45a584b6dd6b?ixlib=rb-0.3.5&q=80&fm=jpg&crop=entropy&w=400&h=400&fit=crop&s=c79a341f11e42ebbf4e24a2a252d136d,https://images.unsplash.com/photo-1423598885756-9b4b0fdcb934?ixlib=rb-0.3.5&q=80&fm=jpg&crop=entropy&w=750&h=750&fit=crop&s=e2caab1135a0acc17f3ab7bad662a596,#iphoneonly
Phyllis,Nguyen,Phyllis Nguyen,blackswan799,phyllis.nguyen@example.com,female,https://images.unsplash.com/photo-1433245437947-a0595ee87118?ixlib=rb-0.3.5&q=80&fm=jpg&crop=entropy&w=400&h=400&fit=crop&s=2551e559010e5c243e0e73290cf4971a,https://images.unsplash.com/44/Ji9qebSpSlSbnsWRZnDX__MG_9520.jpg?ixlib=rb-0.3.5&q=80&fm=jpg&crop=entropy&w=750&h=750&fit=crop&s=b3311a688bbfff66b7f1a63071d0949c,ğŸ˜¬ ğŸ˜ğŸ˜ #love #roadtrip â¤ï¸â¤ï¸ #colorful
Craig,Fowler,Craig Fowler,ticklishpeacock547,craig.fowler@example.com,male,https://images.unsplash.com/photo-1445108771252-d1cc31a02a3c?ixlib=rb-0.3.5&q=80&fm=jpg&crop=entropy&w=400&h=400&fit=crop&s=1437cb6a58a274a8d6155cb65dd848a8,https://images.unsplash.com/photo-1457542510789-5105092ac950?ixlib=rb-0.3.5&q=80&fm=jpg&crop=entropy&w=750&h=750&fit=crop&s=c9e048000276fbc701d3b9d250632968,#girl #instago ğŸ¤‘ #roadtrip #love ğŸ˜ â¤ï¸â¤ï¸ #all_shots #TFLers ğŸ¤˜ğŸ¤˜ #style #whatever #peace #picoftheday #instacool #swag #tweegram ğŸ¤“ ğŸ‘Œ ğŸ˜ğŸ˜ ğŸ™„
Zoe,Watson,Zoe Watson,ticklishswan599,zoe.watson@example.com,female,https://images.unsplash.com/reserve/WqkKzST7R1qSDU4Nf6X7_14701260952_50ceca221e_o.jpg?ixlib=rb-0.3.5&q=80&fm=jpg&crop=entropy&w=400&h=400&fit=crop&s=334f234d24a215458b4cabd255c844c8,https://images.unsplash.com/photo-1454717947215-717c8fd19ae6?ixlib=rb-0.3.5&q=80&fm=jpg&crop=entropy&w=750&h=750&fit=crop&s=a8186b3714b955117adfdf95492987bd,#instadaily #follow4follow #photooftheday ğŸ¤“ #instafollow ğŸ¤‘ #look #food ğŸ™„ #all_shots #picoftheday #instagood âœŒï¸ ğŸ˜¬ #tweegram ğŸ™ #instacool #love #whatever #amazing #instago
Megan,Nelson,Megan Nelson,brownbutterfly518,megan.nelson@example.com,female,https://images.unsplash.com/photo-1454908027598-28c44b1716c1?ixlib=rb-0.3.5&q=80&fm=jpg&crop=entropy&w=400&h=400&fit=crop&s=f49a78cd7279f6f233e5b4491204a36d,https://images.unsplash.com/photo-1414058862086-136de6c98e99?ixlib=rb-0.3.5&q=80&fm=jpg&crop=entropy&w=750&h=750&fit=crop&s=25d2fb472423ca7fba576dffadc09cd6,#instacool #tweegram #instadaily #food #swag ğŸ¤˜ğŸ¤˜ #girl ğŸ‘Œ #iphoneonly #smile ğŸ¤‘
Marsha,Bryant,Marsha Bryant,beautifulbird390,marsha.bryant@example.com,female,https://images.unsplash.com/photo-1452434351106-e02e34831841?ixlib=rb-0.3.5&q=80&fm=jpg&crop=entropy&w=400&h=400&fit=crop&s=3f0142caea42792b1951facc2018751d,https://images.unsplash.com/photo-1440882616325-43e474ece3d0?ixlib=rb-0.3.5&q=80&fm=jpg&crop=entropy&w=750&h=750&fit=crop&s=a24b9376ef191d6640102a6d48c37b34,#instagood ğŸ™ ğŸ™„ #instago #instafollow #20likes #smile #look #all_shots ğŸ‘Œ #instadaily
Douglas,Vasquez,Douglas Vasquez,heavygoose757,douglas.vasquez@example.com,male,https://images.unsplash.com/uploads/14132232941229e1b3002/86744abf?ixlib=rb-0.3.5&q=80&fm=jpg&crop=entropy&w=400&h=400&fit=crop&s=df466f4b1316f15b397f93129bfd7ca7,https://images.unsplash.com/photo-1445550545808-e1cc4cf5b36b?ixlib=rb-0.3.5&q=80&fm=jpg&crop=entropy&w=750&h=750&fit=crop&s=05aca6d7e80ad6145ee52f581967a51d,#girl ğŸ˜ğŸ˜ ğŸ˜ #photooftheday #love ğŸ¤‘ #instacool #igers #picoftheday #all_shots #instago
Meghan,Reid,Meghan Reid,silversnake623,meghan.reid@example.com,female,https://images.unsplash.com/photo-1422976280096-9126a41f9e2a?ixlib=rb-0.3.5&q=80&fm=jpg&crop=entropy&w=400&h=400&fit=crop&s=27c47b33516a07dfce20ef02e88c31c0,https://images.unsplash.com/photo-1446446765936-ffb206d1c0f2?ixlib=rb-0.3.5&q=80&fm=jpg&crop=entropy&w=750&h=750&fit=crop&s=c6829cad32ff21da5829f7e490d4591b,#instacool #tweegram ğŸ‘Œ #bestoftheday #love #webstagram ğŸ˜¬ #all_shots ğŸ¤˜ğŸ¤˜ #amazing #instago #follow #iphoneonly #smile #colorful #follow4follow
Steven,Mccoy,Steven Mccoy,organicdog770,steven.mccoy@example.com,male,https://images.unsplash.com/photo-1434397940728-5e4513152691?ixlib=rb-0.3.5&q=80&fm=jpg&crop=entropy&w=400&h=400&fit=crop&s=2efc9f87f19667e23aa5683e811ffd2c,https://images.unsplash.com/photo-1453743327117-664e2bf4e951?ixlib=rb-0.3.5&q=80&fm=jpg&crop=entropy&w=750&h=750&fit=crop&s=cde4c1acd8aaa1d681c7ee90f03f5670,ğŸ˜ğŸ˜ #whatever #iphoneonly #peace #instadaily #instago #food #photooftheday #love #girl #follow ğŸ¤˜ğŸ¤˜ #igers #webstagram #tweegram #instagood